<?xml version='1.0' encoding='UTF-8' ?>
<timeLogEntries>
  <time id="1" path="/sistema ventas/bd/PSP0/Code" start="@1636570467117" delta="2" interrupt="2" />
  <time id="2" path="/sistema ventas/bd/Lógico(Luis)/PSP0/Planning" start="@1636655613314" delta="6" />
  <time id="3" path="/sistema ventas/bd/Conceptual(Nancy)/PSP0/Planning" start="@1636656048420" delta="3" />
  <time id="4" path="/sistema ventas/team/PSP0/Planning" start="@1636656386481" delta="11" />
  <time id="5" path="/sistema ventas/bd/Físico(Fer)/PSP0/Code" start="@1637799197000" delta="52" />
  <time id="6" path="/sistema ventas/bd/Físico(Fer)/PSP0/Code" start="@1637771243000" delta="35" />
  <time id="7" path="/sistema ventas/bd/Físico(Fer)/PSP0/Code" start="@1637590528000" delta="25" />
  <time id="8" path="/sistema ventas/bd/Físico(Fer)/PSP0/Code" start="@1637341123000" delta="30" />
  <time id="9" path="/sistema ventas/bd/Físico(Fer)/PSP0/Code" start="@1637280837000" delta="42" />
  <time id="10" path="/sistema ventas/bd/Físico(Fer)/PSP0/Code" start="@1637871260000" delta="25" />
</timeLogEntries>
